MULTIPOLYGON(((256.586116614344 515.516659138724,252.864116609213 508.094059125287,240.006116586446 514.372059139656,249.064116596594 532.484059165698,261.914116623171 526.144059157465,260.980216620548 524.281259158393,256.586116614344 515.516659138724)));NF2;30;267.40000000;3.50000000
MULTIPOLYGON(((298.699016727682 309.138258734951,294.304216717777 311.237458735704,294.194116715866 311.583758728812,299.66751672508 322.707158752019,304.289516734891 320.464458740549,298.699016727682 309.138258734951)));PorV;32;268.40000000;3.50000000
MULTIPOLYGON(((22.6310159804998 1734.43796156556,35.029415996687 1780.12366165221,37.702916000504 1779.24306164752,37.7029160086531 1730.57976155332,22.6310159804998 1734.43796156556)));F;17;0.00000000;0.00000000
MULTIPOLYGON(((248.37411660119 499.154059108812,244.34421659389 491.084059088724,231.544116570556 497.4541591038,235.589116575604 505.541059119161,236.064116577094 505.304059114773,248.37411660119 499.154059108812)));NF1;18;267.40000000;3.50000000
MULTIPOLYGON(((59.8563161909115 861.999059851281,76.304516220931 875.966759872157,76.6941162204603 875.507959873416,59.6721161899623 861.052959843772,40.930116153555 883.123159892391,41.5040161528159 883.610459893942,59.8563161909115 861.999059851281)));SC_IT4I;186;264.41500000;5.16000000
MULTIPOLYGON(((-172.753884263337 987.830060131848,-171.596684259188 985.805960129946,-171.103884260752 984.944060125155,-169.51888425689 982.132060129195,-170.265884255117 979.120060111396,-172.999884261633 977.391060111346,-174.153184264433 976.683160114801,-175.610684267245 975.788460110081,-175.651084264682 975.76746011246,-186.605284284567 969.130760104163,-188.442084290029 968.017860090593,-192.585284295317 968.764960109023,-203.204684320895 986.27086014091,-202.2211843197 991.24166014744,-201.932984317478 991.414760143263,-181.972884283226 1003.40306016081,-181.102884280903 1001.93106016447,-178.901884274208 998.300060153939,-178.88088427519 998.266060162336,-175.939884269843 993.374060147908,-175.922884269559 993.351560143987,-175.910884271492 993.333060152829,-173.099884265219 988.42506013182,-173.077384264441 988.387360132067,-173.062884264917 988.36316013406,-172.753884263337 987.830060131848)));TP;19;254.00000000;10.00000000
MULTIPOLYGON(((-173.084284262732 976.321760111256,-175.1508842638 975.046060115565,-175.610684267245 975.788460110081,-174.153184264433 976.683160114801,-172.999884261633 977.391060111346,-172.597884260758 976.622060111724,-173.084284262732 976.321760111256)));TP;20;254.00000000;10.00000000
MULTIPOLYGON(((-170.387884257478 985.459060131107,-171.103884260752 984.944060125155,-171.596684259188 985.805960129946,-172.753884263337 987.830060131848,-171.991784261772 988.302060132613,-170.91558425792 986.39446013188,-170.588484260428 985.814660130534,-170.387884257478 985.459060131107)));TP;21;254.00000000;10.00000000
MULTIPOLYGON(((-188.442084290029 968.017860090593,-191.14038429549 966.383060090477,-192.585284295317 968.764960109023,-188.442084290029 968.017860090593)));TP;22;254.00000000;10.00000000
MULTIPOLYGON(((-202.2211843197 991.24166014744,-203.204684320895 986.27086014091,-205.152184323408 989.481260139495,-202.2211843197 991.24166014744)));TP;23;254.00000000;10.00000000
MULTIPOLYGON(((37.7029160088859 1729.23906156048,37.702916000213 1776.52116164914,51.5631160303019 1772.96346163331,40.1768160138163 1728.60406154348,37.7029160088859 1729.23906156048)));F;6;0.00000000;0.00000000
MULTIPOLYGON(((105.20361626969 899.858659914695,109.569216277567 903.430559914559,112.722616284795 899.57635991578,108.357016275928 896.004459910793,105.20361626969 899.858659914695)));KolD;83;295.15000000;3.30000000
MULTIPOLYGON(((197.554116552405 209.634058550466,187.035116538929 188.992058510194,167.934316500323 198.720658526523,167.928116500494 198.723758527078,164.780116493057 200.327258532401,153.701116471144 205.970058550825,155.367216475483 209.240858549485,158.873116480478 216.123258559732,164.215116489504 226.610058589373,169.94301649899 223.693458578084,186.446816531068 215.28985855612,197.554116552405 209.634058550466)));PorN;56;266.15000000;17.30000000
MULTIPOLYGON(((206.408116477425 791.774559688754,204.469616471732 790.206659684656,192.88471644721 803.811859706882,194.726816454611 805.501659714384,206.408116477425 791.774559688754)));KolT;26;268.75000000;1.80000000
MULTIPOLYGON(((192.88471644721 803.811859706882,204.469616471732 790.206659684656,216.303116497817 776.309559657704,181.600116435788 746.931059609633,177.0093164274 752.322559611173,146.399116366752 788.272059698822,169.665916402999 808.083559724037,179.803116422787 816.715359738097,181.017116425966 817.749059738591,192.88471644721 803.811859706882)));KolT;27;266.75000000;8.19999999
MULTIPOLYGON(((223.433516498713 839.171059777029,220.755116494372 836.933859768324,204.475716462417 856.381859815679,206.955116464349 858.540459814481,216.957116484235 867.248059838312,233.740116518282 847.780059790006,223.433516498713 839.171059777029)));KolV;28;266.75000000;7.80000000
MULTIPOLYGON(((78.2189162172144 918.916659960989,83.7761162281386 923.643459966173,103.169316265092 901.078059913358,97.3957162552979 896.222859905101,78.2189162172144 918.916659960989)));Zidka;95;257.70000000;12.10000000
MULTIPOLYGON(((258.328316568921 798.061059682863,251.183916561131 792.0423596818,262.905816583254 778.602459658403,272.049716598529 786.425959665561,281.456216617371 775.326459638542,281.496116618044 775.279359643348,298.955116653291 754.679059600923,287.55011663679 744.878059584182,283.922916629177 749.092659590533,291.099216641334 755.15845960076,279.781416618032 769.305759634823,270.342216599907 761.167159617878,258.54211657471 775.147159644403,258.457316575455 775.247659647837,243.42101654422 793.062659682939,254.789316566836 802.314159699017,258.328316568921 798.061059682863)));ST-KA-KB;29;266.75000000;3.80000000
MULTIPOLYGON(((124.22081629053 990.361160095315,127.830016298802 986.071960078087,131.386716304114 981.845060072141,108.040716263058 961.908360032365,103.560916259303 958.082760030404,104.064216259983 957.50756002916,75.5736162107205 933.186259992886,75.040916206839 932.731559986714,64.6230161856511 945.517160006566,64.7070161892916 945.589060015976,93.1630162355141 969.96616005199,92.6103162350482 970.56906006136,120.616116284044 994.645060099196,124.22081629053 990.361160095315)));KolE;31;257.70000000;37.45000000
MULTIPOLYGON(((322.817216770665 311.407458720496,338.744616802433 303.480158705264,343.817316811299 300.955458701123,345.836516814539 299.950458701001,353.644116830255 296.064558699261,348.214116821473 284.985058678081,307.86381674424 304.760558722308,307.865216744249 304.763558711857,313.262916752603 316.091358737787,322.817216770665 311.407458720496)));PorV;34;268.40000000;3.50000000
MULTIPOLYGON(((283.922916629177 749.092659590533,237.858116547693 710.15605952451,226.237116524193 723.13915954507,264.747416590573 756.343259611633,270.342216599907 761.167159617878,279.781416618032 769.305759634823,291.099216641334 755.15845960076,283.922916629177 749.092659590533)));KolB;39;266.75000000;39.80000000
MULTIPOLYGON(((205.505916535738 403.85975892283,204.687916533614 403.144858920481,203.232616531488 402.698958920781,201.793216529768 402.791658926057,196.090216517914 405.52705893782,195.426616518176 406.625858930638,195.205916518345 407.986558940262,195.444616517925 409.397258944344,196.763916519936 412.26565894438,206.961316539207 407.168358934578,205.505916535738 403.85975892283)));HARD;73;266.50000000;4.00000000
MULTIPOLYGON(((614.403817282117 499.515959045384,606.748917272897 483.457959024934,606.694117271167 483.484059018316,599.893917257607 486.723559027305,573.48411720962 499.30455905362,575.663617211743 503.890059063677,578.417117215577 509.684559070971,581.054117218766 515.233559079468,611.679617277929 500.799859052058,614.34421728435 499.544059060048,614.403817282117 499.515959045384)));PorK;40;262.00000000;9.00000000
MULTIPOLYGON(((170.927716396749 879.051059868187,171.739516397181 878.065159861231,143.289016338706 911.4424599302,142.829616339586 911.981359937694,147.272816346725 915.785659939516,175.602516406274 883.004159878008,170.927716396749 879.051059868187)));ST-KC-KD;43;265.45000000;4.80000000
MULTIPOLYGON(((108.040716263058 961.908360032365,112.077316273411 957.092460028827,114.156916275271 958.77596002561,115.134916278243 957.696060027927,117.345216284448 955.255460024346,118.253816285229 954.252260020701,118.910216285265 953.527460017242,116.92971628427 951.645960014779,113.599416278012 955.603460026672,109.060016269563 951.783460013103,112.374416275532 947.882860010723,110.294816273614 946.199460011208,109.519016270759 947.072360008489,106.926916263124 949.988460011082,106.08451626153 950.936160011915,105.541516262689 951.546960017644,107.720116265584 953.329460018314,104.064216259983 957.50756002916,103.560916259303 958.082760030404,108.040716263058 961.908360032365)));ST-KD-KE;44;257.70000000;5.69999999
MULTIPOLYGON(((563.164117188542 515.01395908976,561.481917186407 508.942759076133,553.31221717177 511.168559079524,555.325317170646 517.15215909062,563.164117188542 515.01395908976)));ST-K-NM;45;269.00000000;3.00000000
MULTIPOLYGON(((344.538716827054 208.521658521611,347.816016832017 215.16805853229,350.997916840948 213.59915852407,347.720616835461 206.952758517349,344.538716827054 208.521658521611)));FEI;141;267.00000000;20.00000000
MULTIPOLYGON(((163.362916370388 944.181059986586,166.911016378785 939.951759977033,170.500216383836 935.673459968995,147.272816346725 915.785659939516,142.829616339586 911.981359937694,143.289016338706 911.4424599302,124.017416304443 894.910259900382,116.149616290757 888.160959892441,115.511116292619 887.613159894943,114.796816290007 887.00035988586,114.788316288439 887.00965988962,111.657316282042 890.632259902544,109.285716278886 893.376259897137,105.041516271012 898.286959911464,103.858016268176 899.656259916956,104.165816268243 899.918459911598,122.896916301805 915.872159945313,126.833316307515 919.224959950661,132.576116315962 924.116159965517,131.759316315118 925.069059961708,136.15271632123 928.802459966857,159.570116364455 948.702060003765,163.362916370388 944.181059986586)));KolD;46;268.75000000;26.40000000
MULTIPOLYGON(((542.361817145254 522.334859099938,503.159217070555 540.943659148645,503.051717068825 541.00185915106,499.794317063468 542.764259150252,502.982917070156 549.481559165288,503.175317070563 549.390259166481,506.43421707442 547.842959163245,506.480917075125 547.941259160405,506.561817075242 548.111659160582,507.190017076733 549.435059163021,514.091317086015 563.973759185523,510.639817080577 565.612059193663,513.434017084306 571.498459210154,516.885517093586 569.860159203643,516.977317090845 570.05355920922,517.834217093245 571.858759206953,525.070617103018 587.103459234117,525.550817104115 586.875559231965,564.215417179279 568.52205919195,564.273117179109 568.49465919612,564.071817178803 568.070559187559,556.088317167363 551.252059159568,559.389817173011 549.684959157603,556.595617169456 543.798559138086,553.294117163168 545.365659149364,545.636717150337 529.234059110051,548.938217157964 527.666859115008,545.663317151775 520.767659105128,542.427617145644 522.303659110563,542.361817145254 522.334859099938)));M-5;47;266.50000000;13.50000000
MULTIPOLYGON(((448.944817034004 141.115158369066,446.752517030982 136.693358362187,443.174817023857 138.45155837154,445.433617027418 142.856758377282,448.956117033027 149.726458385354,452.38581703807 148.055458381772,448.944817034004 141.115158369066)));ST-NK-AULA;48;268.60000000;4.09999999
MULTIPOLYGON(((486.535517092911 210.594958501402,481.710817083251 200.687858479563,471.736817068537 180.207158442587,464.903617055446 183.571358457441,464.954117057438 183.674058452947,471.176417067705 196.318958479678,479.756617078092 213.755358516704,479.812517077138 213.869058505399,486.535517092911 210.594958501402)));ST-D-NK;50;264.50000000;8.19999999
MULTIPOLYGON(((368.904216837138 444.305758981733,382.349616863357 437.485758968163,377.431116852444 427.789158942876,363.98561682913 434.609158961801,368.904216837138 444.305758981733)));CPiT_TL1;35;268.00000000;5.69999999
MULTIPOLYGON(((362.509416831308 398.371458886424,350.704716812121 375.098658844363,349.874916811357 375.519558843458,342.701116795011 379.158358850749,341.50801679556 376.806058853166,341.500516794971 376.791358845308,341.489716794749 376.826058845501,336.047816784703 379.530358858174,340.561216791102 388.428458875278,349.063916804153 405.191458899295,362.509416831308 398.371458886424)));CPiT_TL1;37;268.00000000;5.69999999
MULTIPOLYGON(((278.370216689771 299.399458706612,272.324516680965 286.912958677625,271.855916679255 287.152458681259,258.204816654325 294.129658702062,258.037016653281 294.215458703926,268.715616671252 316.236558744218,267.257416667941 316.88465874223,274.386516677914 331.06195877865,281.110616691934 330.656958771171,284.432216694579 329.765758767724,288.077716702828 328.226558760973,286.535216701275 325.097358763218,285.24231669947 322.474558760645,288.806916707137 320.692258750089,285.306016702496 313.549758742098,280.814316694567 304.38585872273,278.385316688393 299.430258709937,278.370216689771 299.399458706612)));VEC_II;33;268.40000000;5.50000000
MULTIPOLYGON(((201.711116544669 308.549358734163,196.511916536954 298.249958718894,191.196816526644 300.93305872404,196.395916534646 311.23245874932,201.711116544669 308.549358734163)));UG;42;270.25000000;1.00000000
MULTIPOLYGON(((363.043316869182 180.853258464951,367.59411687497 190.082158483332,376.58251688641 208.31075850944,381.092016893264 217.456058534095,383.691916898941 216.174058528384,365.643316871894 179.571258461336,363.043316869182 180.853258464951)));FEI;142;267.00000000;16.00000000
MULTIPOLYGON(((204.704316548479 327.691558775958,196.395916534646 311.23245874932,191.196816526644 300.93305872404,165.884416489804 250.789058633382,149.459116455575 259.134158654604,153.551716461778 267.175058669178,162.627316476835 285.006058698986,181.826916506805 322.728058770299,183.027816507849 325.087458782131,188.487416517106 335.814158792607,189.458616516611 337.722258797381,205.7120165503 329.687858778052,204.704316548479 327.691558775958)));UG;49;267.25000000;4.00000000
MULTIPOLYGON(((433.925717013597 101.723858304787,422.263316989643 107.445758307585,438.604117015144 140.697658374207,443.174817023857 138.45155837154,446.752517030982 136.693358362187,460.49401705846 129.940558344359,471.18921708042 124.684858334018,477.490417090594 126.854058337631,483.899117101333 128.221258345293,490.307817113819 128.563058341853,497.400117125246 127.708558326354,502.868917137908 126.341358341742,507.938317147607 124.206858331338,507.954017146549 124.200258327415,510.656517149822 129.648158339551,512.432017151674 133.227658348391,513.171917154512 134.719858351629,519.955017168191 127.119158331538,519.53521716746 126.264858330367,493.187717126275 72.6487582342234,450.101817043615 93.7875582706183,446.349717035308 95.628358279122,441.519017026701 97.9983582841232,436.467117017892 100.476958293701,433.925717013597 101.723858304787)));PorNA;57;260.00000000;10.00000000
MULTIPOLYGON(((144.104716441245 299.935658733128,127.853116415616 267.621158675291,127.511116413807 266.941158666741,115.505116391112 272.980158688733,132.444116415281 306.674058750505,144.402116439946 300.527158742771,144.104716441245 299.935658733128)));NF3;58;263.50000000;3.30000000
MULTIPOLYGON(((144.626616350317 853.821059822105,148.992216359125 857.392959822435,152.145616366877 853.538759818068,147.780016356497 849.966859818436,144.626616350317 853.821059822105)));KolC;84;295.15000000;3.30000000
MULTIPOLYGON(((457.057017016399 338.938758754404,450.542017002474 342.167058767518,461.717217020574 365.091358811129,468.366717034369 361.762758803321,457.057017016399 338.938758754404)));PorH;125;264.50000000;4.50000000
MULTIPOLYGON(((558.948117226304 222.966658515157,553.282717217575 211.467858491233,552.724117215897 210.334058488486,539.974117191334 216.554058500798,540.54411719169 217.744058501441,552.42601721728 211.889958494343,558.20411722461 223.774058518698,559.134117226233 223.344058518065,559.092517227575 223.259658513125,558.948117226304 222.966658515157)));PorGP;127;264.80000000;6.39999999
MULTIPOLYGON(((95.6959162676358 805.946159734158,92.5641162618995 803.274059728254,73.8705162233673 825.322759768693,97.4360162636149 845.596859808313,116.274116304121 823.504059762461,114.312116298999 821.830059755826,111.784016295511 819.672959754709,97.1229162708041 807.163759738673,95.6959162676358 805.946159734158)));KolF;60;265.60000000;4.19999999
MULTIPOLYGON(((99.3013162651332 853.679759825114,71.0957162152044 828.860159783857,58.6841161941993 843.314059819793,65.1607162036817 848.765159822535,72.2394162144046 854.72305983468,74.9243162188213 856.982859833399,81.8756162336795 862.833559846273,87.2941162423813 867.394059861312,99.3013162651332 853.679759825114)));KolG;61;264.00000000;4.19999999
MULTIPOLYGON(((-95.5567842485034 1786.19946168317,-101.591184255609 1764.49676164542,-104.996384262457 1765.57046164945,-108.19868426671 1753.010661626,-125.078184296784 1757.13216162985,-117.348984287179 1770.264561655,-115.800884283381 1776.8076616677,-115.59478428599 1792.3232617022,-100.494584256376 1789.05446169712,-100.866084257606 1787.32066169311,-95.5567842485034 1786.19946168317)));H;8;0.00000000;0.00000000
MULTIPOLYGON(((334.000116807001 227.464258561609,322.303016780468 235.865958573297,330.558016796829 249.772458610358,343.588916820125 243.402058593929,334.000116807001 227.464258561609)));FEI;143;267.00000000;8.89999999
MULTIPOLYGON(((322.423316787404 208.222158521181,315.259616775846 196.315258493647,306.809016758809 202.464958516415,313.080816769332 212.900858536363,322.423316787404 208.222158521181)));FEI;144;267.00000000;8.89999999
MULTIPOLYGON(((469.304117030581 383.134058844531,477.014117047191 379.214058839949,476.22181704524 377.615158830537,469.461217035598 380.976958841318,461.717217020574 365.091358811129,468.366717034369 361.762758803321,457.057017016399 338.938758754404,455.452317015093 335.700358748902,451.947617007594 328.627558737993,445.504716997035 331.833758744644,437.649616983137 315.720258713933,443.989516997477 312.567458712496,440.434916991391 305.393958695233,438.91361698939 302.323858685791,430.494916973519 285.33435865771,427.312516970385 278.911958644167,421.166216958489 281.907058648532,413.362716946751 265.899258625228,419.404816959868 262.953858618857,418.704116957961 261.494058613433,410.704116944049 265.47405862296,412.644916945195 269.370858624345,447.732616998139 339.821658768458,449.299516999861 342.967758756364,468.825217033853 383.377558847889,469.304117030581 383.134058844531)));PorH;64;269.00000000;8.50000000
MULTIPOLYGON(((690.714117424097 507.444059051108,663.707117383368 450.56205894216,660.554117376392 443.924058923265,610.059917280742 468.05755898403,610.05651728349 468.059158988995,605.104817271931 470.425858993083,605.094417270331 470.430858989712,602.488817266247 471.676158991177,601.384117265407 472.204158999491,601.813817263173 473.105558993993,606.748917272897 483.457959024934,614.403817282117 499.515959045384,614.816617286706 500.381859050365,616.536117286712 503.988759053173,634.844217314327 542.394059130689,640.213917325949 539.818859120598,641.327617329778 539.284759125672,683.989017409796 518.825259072473,690.306317421375 515.795559065184,693.875117430522 514.084059065674,690.714117424097 507.444059051108),(632.060617321345 477.089658997953,661.214117375959 463.114058971172,679.444117403298 501.464059039019,650.203817347181 515.41955907247,636.793117320514 521.820159082068,626.102417306975 499.45795905008,624.403517304454 495.892359039281,618.534117294068 483.574059017701,632.060617321345 477.089658997953)));PorJ;65;262.00000000;13.20000000
MULTIPOLYGON(((65.7651161901886 945.475960006937,70.1307161951554 949.047860015184,73.2841162011027 945.193660004064,68.9185161973001 941.621760002803,65.7651161901886 945.475960006937)));KolE;85;295.15000000;3.30000000
MULTIPOLYGON(((386.429116901476 225.164658544818,382.32761689875 216.846758533968,381.092016893264 217.456058534095,384.048416898062 223.451658545528,347.196216828423 241.62335858494,343.588916820125 243.402058593929,348.719016828458 251.804558603559,355.767616841942 245.581458600704,360.403116852802 242.088958584005,365.864116863464 237.770958574954,372.087116873474 233.325958559057,378.310116886743 229.642958553508,386.429116901476 225.164658544818)));FEI;147;282.50000000;0.50000000
MULTIPOLYGON(((-67.2074841866852 1730.28066157736,-64.7891841838718 1738.072661591,-56.3383841667674 1735.69136157748,-54.2216841627378 1743.4965615957,-62.4607841811376 1746.11596160079,-61.3344841795042 1750.3212616113,-41.7656841395074 1745.26326159667,-48.4008841501782 1721.40386155178,-53.0369841599022 1722.32376155746,-51.9170841551386 1726.29226155858,-67.2074841866852 1730.28066157736)));B;9;0.00000000;0.00000000
MULTIPOLYGON(((9.03821595717454 1732.64076156076,-61.3352841776214 1750.32126161293,-58.342584175407 1760.57966162753,11.6217159584048 1743.0402615862,9.03821595717454 1732.64076156076)));C;10;0.00000000;0.00000000
MULTIPOLYGON(((418.767516919936 502.80155908037,420.004416921525 502.170659087133,421.323816923716 504.757359088166,420.5944169219 505.129359094426,422.068616926437 508.01925909752,421.561016922526 508.278159096371,428.930516933906 522.725759120658,443.590816965443 515.247759105871,443.682016962208 515.20125909755,436.228416950209 500.588859082432,436.137316950015 500.635359086795,434.919416951481 501.256559079979,432.217316945549 495.959159070626,433.526316949748 495.291459074011,432.418716947257 493.119959069416,414.286716919625 457.572858997155,399.53521688818 465.09735902166,416.546416915022 498.447159080999,418.767516919936 502.80155908037)));IET;148;268.95000000;14.20000000
MULTIPOLYGON(((579.865917233459 429.963458915008,587.761817244755 445.681958949193,587.794117244892 445.634058952332,592.055417254393 443.534858942963,597.202017260599 440.999558940995,600.798417268903 439.227958936011,601.999417270825 438.636258932063,593.810717256449 422.153858906589,580.09611723898 394.548758847173,552.939117196423 339.88665874931,547.499117184663 342.64135875809,538.610117168399 347.005558762932,565.633517210023 401.63065885473,565.643017207563 401.649758862332,579.865917233459 429.963458915008)));PorA;67;263.50000000;33.00000000
MULTIPOLYGON(((324.52891678951 211.7219585313,316.027116773359 217.80325854593,322.303016782564 228.24595856783,331.675716802827 223.600858562393,324.52891678951 211.7219585313)));FEI;145;267.00000000;8.89999999
MULTIPOLYGON(((127.138616302924 939.514259987511,122.676116297429 935.75895998301,118.14351628744 941.093359999126,122.613616294577 944.891560001997,127.138616302924 939.514259987511)));ST-KD-KE;177;262.20000000;5.69999999
MULTIPOLYGON(((545.354117183422 323.064058716176,493.864117105433 219.514158523176,491.458317100361 220.675058517605,491.447117101401 220.680458523799,484.753717084765 223.910358527908,483.834117085265 224.354058530182,486.696317088092 230.150358540937,491.503217100282 227.807058535516,499.314117111382 243.82605855912,494.586817101226 246.129658567254,496.621417106828 250.222258582944,508.848917123745 274.818158620503,510.051117125317 277.236458624247,511.038917128521 279.223658630624,515.494117135124 277.008058622014,523.341117146949 293.10005865409,518.961217142059 295.27965866169,520.588317142799 298.535458669299,533.352917162061 324.0792587162,534.481017164653 326.336858719587,535.412717164494 328.20125872572,539.467817174795 326.171358717605,545.354117183422 323.064058716176)));PorD;68;264.50000000;13.00000000
MULTIPOLYGON(((470.826017069165 172.977158423048,466.868017064058 164.861558414297,457.392617047881 145.616158381337,452.479717042123 148.009758388391,452.38581703807 148.055458381772,448.956117033027 149.726458385354,448.889017031936 149.759158387082,404.995816945622 171.144058436854,421.655916973308 204.864058502717,464.834117055405 183.605558451032,464.903617055446 183.571358457441,471.736817068537 180.207158442587,473.789317075105 179.196558440104,470.826017069165 172.977158423048)));PorNK;69;264.50000000;13.99000000
MULTIPOLYGON(((22.6310159806744 1734.43786156154,26.4129159874865 1733.47016156535,24.2979159865063 1725.27276154398,6.27971594862174 1729.83686155197,7.09821595129324 1733.12406156352,9.03821595717454 1732.64076156076,11.6226159581565 1743.04066158365,-16.6507840935374 1750.11116160522,-14.5231840913766 1757.75046161655,26.1897159840446 1747.23326159152,22.6310159806744 1734.43786156154)));E;11;0.00000000;0.00000000
MULTIPOLYGON(((364.489416839031 360.89635882061,362.565716838755 357.103858808987,345.872116804007 365.571258831071,350.704716812121 375.098658844363,362.509416831308 398.371458886424,365.713816836651 404.68875890132,375.464916852536 423.912958937464,377.431116852444 427.789158942876,382.349616863357 437.485758968163,397.072616888967 430.017758942675,384.918016871903 406.055158897536,384.850016872282 405.92115889932,380.436716865632 397.220458888449,382.526616867282 396.16025887779,375.897416856838 383.387258862844,367.43351684435 366.700758833671,366.095716841053 364.06315882015,364.489416839031 360.89635882061)));CPiT_TL1;51;268.00000000;12.60000000
MULTIPOLYGON(((349.063916804153 405.191458899295,340.561216791102 388.428458875278,323.842116759624 396.960258900886,323.945316759346 397.163758899085,330.707116768463 410.494458914269,332.081116772781 413.203258926747,352.164316804905 452.796858998714,359.353116816666 449.150458989199,362.033116823237 447.791058989475,368.904216837138 444.305758981733,363.98561682913 434.609158961801,349.063916804153 405.191458899295)));CPiT_TL1;54;268.00000000;8.44999999
MULTIPOLYGON(((604.964717275521 457.340458967257,597.202017260599 440.999558940995,592.055417254393 443.534858942963,593.591017255385 446.69925894984,594.774217253551 449.13745894935,597.58971726062 454.939358959673,599.927217263845 459.756258973852,604.000417269068 468.149958987022,605.094217270846 470.404058990534,605.104817271931 470.425858993083,610.05651728349 468.059158988995,610.054117280873 468.054058989976,608.60781727737 465.009558981983,604.964717275521 457.340458967257)));ST-A-J;66;266.80000000;3.30000000
MULTIPOLYGON(((127.226716305362 930.403459976893,131.645716312865 934.15825998201,136.15271632123 928.802459966857,131.759316315118 925.069059961708,127.226716305362 930.403459976893)));ST-KD-KE;175;265.20000000;5.69999999
MULTIPOLYGON(((-108.163084265834 1740.92186160432,-95.5567842485034 1786.19946168317,-85.9067842291552 1784.16316168522,-98.7226842479431 1738.4717615908,-108.163084265834 1740.92186160432)));H;12;0.00000000;0.00000000
MULTIPOLYGON(((81.8722162290942 880.694759877864,81.5595162278041 881.062959878938,85.229416234477 884.179459884763,85.5421162355924 883.811259891139,81.8722162290942 880.694759877864)));SC_IT4I;187;269.04000000;8.66000000
MULTIPOLYGON(((143.072516347864 853.868959814776,137.230416336039 849.151959809475,126.024016318668 839.810659802286,123.720116313489 837.892059789738,120.993816305825 841.180959793972,120.144516309141 840.434759794967,98.9861162616871 865.367459845729,99.6751162669971 865.794659842504,95.6653162567527 870.588659864152,109.193316280143 882.193459881935,114.796816290007 887.00035988586,115.511116292619 887.613159894943,143.61941635015 854.467259820551,143.687516347156 854.388059823308,143.072516347864 853.868959814776)));KolDS;63;265.45000000;5.10000000
MULTIPOLYGON(((157.286616375844 843.67385979509,172.111516407691 825.924359762575,179.803116422787 816.715359738097,169.665916402999 808.083559724037,162.472316389496 816.316659736447,153.787016372313 826.257059760625,141.885116349673 816.600059743738,134.863216337981 824.760359770153,134.6621163378 824.994059768505,136.954116340203 826.934059769614,148.336516360752 836.215459784493,154.134316369542 840.947159788106,157.286616375844 843.67385979509)));Bufet;59;266.75000000;3.80000000
MULTIPOLYGON(((430.477516992891 192.820558477892,456.085817039071 180.270058443304,463.205217055336 176.780858441023,452.727717039175 155.402458393713,445.608217025583 158.891658403678,442.780517019739 160.277558416361,420.000116976269 171.442258435767,412.920716962311 174.911858443404,423.39821697725 196.290158479474,430.477516992891 192.820558477892),(427.188416984165 186.109458462568,452.796717035118 173.558958428912,455.780217040679 179.646458447445,430.171916989551 192.197058469756,427.188416984165 186.109458462568),(448.802517029806 165.409358419944,423.19441697892 177.959958448075,420.24631697539 171.944658436812,445.854517023545 159.394258409273,448.802517029806 165.409358419944)));PorNK;70;278.49000000;2.59999999
MULTIPOLYGON(((-35.5088840030367 974.737660090206,-12.7739839593996 947.109760030871,-18.885283968877 941.944060017122,-23.0024839756661 946.690260025673,-26.9656839863746 948.971760032233,-31.1223839945742 949.629760029493,-33.5489839971997 949.374760039849,-35.7789840024197 949.046560029965,-38.3492840069812 948.242860036204,-40.7008840101189 946.757460030261,-42.2688840129995 945.155460030073,-49.1050840233802 939.337260011584,-55.8277840352966 933.615660009207,-60.0514840451651 931.652459998615,-64.2225840504398 931.028060003184,-68.3493840583833 931.247760006925,-71.4732840649085 932.723260010127,-73.7140840697684 933.119860008825,-77.4675840772106 937.705960019259,-63.6654840550036 949.884260038147,-35.5088840030367 974.737660090206)));TP;193;254.00000000;10.00000000
MULTIPOLYGON(((282.012816650386 590.225559281651,282.553116650437 591.068059285171,283.070416650386 590.733359282836,286.657716659887 588.174859274412,289.807916663762 584.482259268174,288.976116663951 583.707059264882,287.906916659733 585.285859269556,285.208116656868 587.984659275971,282.012816650386 590.225559281651)));SH;74;267.40000000;8.00000000
MULTIPOLYGON(((92.6103162350482 970.56906006136,102.468316251005 979.043760068249,109.639216267504 970.702360050753,99.8636162495823 962.308360039489,93.1630162355141 969.96616005199,92.6103162350482 970.56906006136)));KolE;75;295.15000000;3.30000000
MULTIPOLYGON(((85.229416234477 884.179459884763,81.5595162278041 881.062959878938,81.8722162290942 880.694759877864,80.5249162269174 879.550659875618,59.8563161909115 861.999059851281,19.7318161095027 909.248959948774,45.4176161538344 931.061259985901,85.229416234477 884.179459884763)));SC_IT4I;188;259.70000000;2.10000000
MULTIPOLYGON(((-51.7279841636191 1758.91276162304,-58.342584175407 1760.57966162753,-56.6799841728644 1766.02456163475,-67.0283841936034 1768.88076164736,-57.1602841781569 1806.02836171654,-46.6560841572355 1802.96706171334,-53.7087841691682 1773.82896165317,-47.7159841554239 1772.3713616496,-51.7279841636191 1758.91276162304)));D;14;0.00000000;0.00000000
MULTIPOLYGON(((-122.523384290573 1744.65166160883,-51.917884156981 1726.30716156308,-55.1139841631521 1715.07026154106,-125.719484295405 1733.41466159513,-122.523384290573 1744.65166160883)));A;15;0.00000000;0.00000000
MULTIPOLYGON(((265.714016588696 789.878059678245,268.333316591394 791.941759680631,270.711616598011 788.923159667058,268.092216590478 786.85945966607,265.714016588696 789.878059678245)));KolA;82;306.55000000;3.32000000
MULTIPOLYGON(((131.759316315118 925.069059961708,136.15271632123 928.802459966857,159.570116364455 948.702060003765,163.362916370388 944.181059986586,166.911016378785 939.951759977033,170.500216383836 935.673459968995,147.272816346725 915.785659939516,142.829616339586 911.981359937694,132.576116315962 924.116159965517,131.759316315118 925.069059961708)));KolD;76;265.45000000;3.30000000
MULTIPOLYGON(((138.86581633013 916.672459939728,132.576116315962 924.116159965517,131.759316315118 925.069059961708,136.15271632123 928.802459966857,141.665716331219 933.487259974005,148.788316346647 925.177859961987,138.86581633013 916.672459939728)));KolD;77;295.15000000;3.30000000
MULTIPOLYGON(((212.207516479422 829.794259760063,220.755116494372 836.933859768324,223.433516498713 839.171059777029,231.873516517226 829.250359751284,235.450816524739 825.045459748013,254.789316566836 802.314159699017,243.42101654422 793.062659682939,228.614516514703 810.486659716116,216.847116489953 824.334459747886,212.207516479422 829.794259760063)));ST-KA-KV;78;266.75000000;3.80000000
MULTIPOLYGON(((157.286616375844 843.67385979509,154.134316369542 840.947159788106,143.072516347864 853.868959814776,143.687516347156 854.388059823308,171.739516397181 878.065159861231,170.927716396749 879.051059868187,175.602516406274 883.004159878008,199.050116445404 902.832059899578,202.840516452678 898.40245990525,205.862316459476 894.871059889672,209.946016467409 890.098559876904,192.744016439479 875.244759860681,191.411616436904 874.094259856269,191.857816434407 873.57845984702,182.142416417773 865.17445983598,157.286616375844 843.67385979509)));KolC;79;268.75000000;26.40000000
MULTIPOLYGON(((177.919916408893 870.559359848266,171.739516397181 878.065159861231,170.927716396749 879.051059868187,175.602516406274 883.004159878008,180.791516412981 887.392159877345,187.955616427527 878.822859864216,177.919916408893 870.559359848266)));KolC;80;295.15000000;3.30000000
MULTIPOLYGON(((271.708316604781 758.735159617616,274.327616609866 760.798859614413,276.705916614621 757.780259614345,274.086516607727 755.716559607303,271.708316604781 758.735159617616)));KolB;81;306.55000000;3.31999999
MULTIPOLYGON(((-67.2074841866852 1730.28066157736,-77.3480842057616 1732.89736158191,-67.0292841935297 1768.88076165156,-56.7109841736965 1766.10136163584,-67.2074841866852 1730.28066157736)));B;3;0.00000000;0.00000000
MULTIPOLYGON(((-97.9148842532886 1801.31366171641,-90.5324842405389 1799.75556171895,-89.3856842389796 1805.18906172854,-81.8068842255743 1803.58956171433,-85.9067842291552 1784.16316168522,-100.868084258982 1787.32076168712,-100.499684258131 1789.0665616903,-141.694884334574 1797.96706172056,-139.11018433352 1810.21406173706,-97.9148842532886 1801.31366171641)));I;4;0.00000000;0.00000000
MULTIPOLYGON(((-90.0059842336923 1769.48196165659,-68.5549841941684 1763.56016164273,-69.9133841943694 1758.82306163688,-91.3711842360208 1764.68236164306,-90.0059842336923 1769.48196165659)));H;5;0.00000000;0.00000000
MULTIPOLYGON(((487.08951705636 449.195558969863,484.769017049694 451.3678589724,483.438217046554 454.397658976959,483.482417046034 457.922058990691,484.904917048872 460.939058995806,487.29831705417 463.051658995915,491.339617060381 464.135759002296,494.823517065321 463.345558995381,497.634817073878 461.117858994287,498.978717074089 458.677258980926,499.413517075533 455.952058974188,498.458717075584 452.250958975172,496.396417072974 449.765958967619,492.903117067355 448.139358966611,490.012217062176 448.096358972602,487.08951705636 449.195558969863)));PorC;86;263.50000000;16.20000000
MULTIPOLYGON(((491.410217064258 431.165058932733,487.009617060423 431.560958941933,482.80701704917 432.706058943179,478.917317042651 434.536758948816,475.029617035121 437.3267589428,471.959417029284 440.538458954077,469.321517021453 444.597258961061,467.270217016281 450.001958974404,466.517117016716 456.103458985919,467.068717015092 461.295258996543,468.609217018005 466.07535900129,471.367117021349 470.851859013084,474.473917027586 474.335059017176,478.040617035585 477.092259035446,482.547317039629 479.359259028453,487.192117048719 480.63415902853,491.433517055877 480.997759032063,496.333117068221 480.511259031016,501.11741707637 479.038959027966,505.765617083409 476.463159020292,509.336317093985 473.410959022818,512.459317097673 469.450658997288,514.596417102672 465.263258998748,515.870717107726 460.944058991736,516.349817109643 456.082958976738,515.975817108236 451.780158972135,514.8175171084 447.47825896577,512.633517103735 442.989958952414,509.438017099339 438.857458946528,505.899717092165 435.794658937259,501.324317085382 433.212258937769,496.718917078222 431.732058934867,491.410217064258 431.165058932733)));PorC;87;273.10000000;3.29999999
MULTIPOLYGON(((466.741217069502 117.504858324304,446.498517031665 127.412258343073,433.925717013597 101.723858304787,431.306417008163 96.37215828849,419.639116984035 102.105658302084,438.604117015144 140.697658374207,443.174817023857 138.45155837154,446.752517030982 136.693358362187,460.49401705846 129.940558344359,470.404517074872 125.070458340226,466.741217069502 117.504858324304)));PorNA;89;268.00000000;4.69999999
MULTIPOLYGON(((507.727817145642 119.551858321764,513.072417156538 117.0118583187,510.567717154219 111.741658302722,505.22311714472 114.281658305554,507.727817145642 119.551858321764)));PorNA;90;268.00000000;2.60000000
MULTIPOLYGON(((161.142916392419 780.173059674911,156.593616386119 776.299359668512,153.646916380501 779.759959675372,158.196216388722 783.633659682469,161.142916392419 780.173059674911)));KolT;91;274.94999999;1.00000000
MULTIPOLYGON(((178.512416429643 759.773859634763,173.963116420549 755.900159624172,170.94391641469 759.445959630422,175.493316424661 763.319559644209,178.512416429643 759.773859634763)));KolT;92;274.94999999;1.00000000
MULTIPOLYGON(((174.761616421863 764.178959636018,161.93501639663 779.242759663844,175.500616419245 790.793459686916,188.32711644622 775.729659660719,174.761616421863 764.178959636018)));KolT;93;274.94999999;4.10000000
MULTIPOLYGON(((205.820616474259 783.33145967545,195.867716457113 774.856559657026,175.729016419093 798.507259707665,185.68191643554 806.982159717241,205.820616474259 783.33145967545)));KolT;94;274.94999999;4.10000000
MULTIPOLYGON(((173.115416498447 267.096458659507,158.321116469044 274.574958677171,183.879916509264 325.136958776508,198.674216539483 317.658458759077,173.115416498447 267.096458659507)));UG;71;267.25000000;15.50000000
MULTIPOLYGON(((449.720016955689 637.344459341373,435.445116934541 608.200759300031,421.189516904415 615.236859310186,423.107816906879 619.12335931859,424.133016909997 621.200359317008,428.153616914584 629.34625933296,434.764816925861 642.740959356073,435.542516926245 644.316559365252,440.138516936684 642.056359359529,445.262016946624 639.536759346491,449.720016955689 637.344459341373)));VSH;97;270.80000000;1.50000000
MULTIPOLYGON(((418.990316902578 600.60495928186,414.958816894912 602.613059283933,417.065716900746 606.881759290351,416.587416896946 604.858859288273,417.396616899117 602.076059275772,418.990316902578 600.60495928186)));VSH;98;268.80000000;2.00000000
MULTIPOLYGON(((484.748217026878 579.747059222776,480.094917023205 570.168559209676,418.990316902578 600.60495928186,417.396616899117 602.076059275772,416.587416896946 604.858859288273,417.065716900746 606.881759290351,423.107816906879 619.12335931859,424.133016909997 621.200359317008,428.153616914584 629.34625933296,434.764816925861 642.740959356073,435.542516926245 644.316559365252,440.008816935879 642.12015936221,440.138516936684 642.056359359529,445.262016946624 639.536759346491,449.720016955689 637.344459341373,435.445116934541 608.200759300031,434.086616930959 605.427359283669,485.087917030207 580.446359220427,484.748217026878 579.747059222776)));VSH;99;266.50000000;4.30000000
MULTIPOLYGON(((590.61781725561 406.450358869974,583.774117245455 392.714058838785,580.09611723898 394.548758847173,593.810717256449 422.153858906589,597.47361726535 420.23405888956,590.634617256641 406.484158874722,590.61781725561 406.450358869974)));PorA;100;267.00000000;2.69999999
MULTIPOLYGON(((544.601017175009 357.987858774606,553.247517192096 375.465958815301,560.866217204253 371.69695880427,554.880117195658 359.596658783033,552.191217188723 360.926958787953,549.530717188201 355.549058781704,544.601017175009 357.987858774606)));PorA;101;296.50000000;3.30000000
MULTIPOLYGON(((591.10891724861 436.675158925587,585.018717240135 424.626958904089,579.217717230029 427.559258918045,585.308017240954 439.607458936283,591.10891724861 436.675158925587)));PorA;102;296.50000000;3.30000000
MULTIPOLYGON(((565.643017207563 401.649758862332,565.633517210023 401.63065885473,565.594217207981 401.673458862817,516.524117114837 425.524058922194,522.404417123005 437.347358937608,522.409017123107 437.356558931759,524.741217124625 442.04575894773,524.746517126099 442.056458949111,530.60411713447 453.83405896672,531.078317134525 453.594558968442,533.319317139452 452.462758970214,579.865917233459 429.963458915008,565.643017207563 401.649758862332)));PorB;103;263.50000000;6.60000000
MULTIPOLYGON(((542.682517160836 443.986458949046,531.692517145711 421.889058907982,523.455017128203 425.985958920093,534.445017142571 448.083358956734,542.682517160836 443.986458949046)));PorB;104;270.10000000;2.00000000
MULTIPOLYGON(((555.217817185388 437.75205893931,544.227717169619 415.654658902669,535.99031714967 419.751558901509,546.980317168636 441.848958942574,555.217817185388 437.75205893931)));PorB;105;270.10000000;2.00000000
MULTIPOLYGON(((567.753117207438 431.51775891846,556.763017191086 409.420358880656,548.525617175619 413.517158889445,559.51561719022 435.614558927482,567.753117207438 431.51775891846)));PorB;106;270.10000000;2.00000000
MULTIPOLYGON(((528.673517115007 564.427959191846,546.347717147728 555.64375917404,539.98651713971 542.844759146217,522.312317102274 551.628859159537,528.673517115007 564.427959191846)));M-5;107;280.00000000;1.00000000
MULTIPOLYGON(((532.060717114364 583.78535922477,557.80061716662 571.56705919886,550.510617155873 556.209459166741,524.770717105712 568.427859200398,532.060717114364 583.78535922477)));M-5;108;280.00000000;1.00000000
MULTIPOLYGON(((617.318617295066 482.18555901642,615.716917291575 478.823959010188,611.203117279161 480.974659010768,612.804817282886 484.336259018164,617.318617295066 482.18555901642)));PorJ;109;275.20000000;2.00000000
MULTIPOLYGON(((638.714217325964 526.997959099244,636.342017321091 522.035859089578,631.831017311953 524.192359095439,634.203217317117 529.154459102079,638.714217325964 526.997959099244)));PorJ;110;275.20000000;2.00000000
MULTIPOLYGON(((523.341117146949 293.10005865409,515.494117135124 277.008058622014,511.038917128521 279.223658630624,498.863017104857 285.278758642264,496.348117100773 286.529458653415,443.989516997477 312.567458712496,437.649616983137 315.720258713933,445.504716997035 331.833758744644,451.947617007594 328.627558737993,490.286717084993 309.548858694034,518.961217142059 295.27965866169,523.341117146949 293.10005865409)));PorF;111;264.50000000;15.30000000
MULTIPOLYGON(((476.22181704524 377.615158830537,538.444117165986 346.674058760516,538.610117168399 347.005558762932,547.499117184663 342.64135875809,539.467817174795 326.171358717605,535.412717164494 328.20125872572,523.293317142816 334.267958731856,514.714317122591 338.562358753989,507.721717110835 342.062658756273,504.653617103759 343.598458756227,493.635017084074 349.114058769075,479.937417056994 355.970758787356,468.366717034369 361.762758803321,461.717217020574 365.091358811129,469.461217035598 380.976958841318,476.22181704524 377.615158830537)));PorG;112;264.50000000;15.30000000
MULTIPOLYGON(((499.314117111382 243.82605855912,491.503217100282 227.807058535516,486.696317088092 230.150358540937,419.404816959868 262.953858618857,413.362716946751 265.899258625228,421.166216958489 281.907058648532,427.312516970385 278.911958644167,437.702916989918 273.848758637905,494.586817101226 246.129658567254,499.314117111382 243.82605855912)));PorE;113;264.50000000;15.30000000
MULTIPOLYGON(((469.39791703393 367.780358805321,470.985417039017 371.008258817485,475.359617045673 368.857058815658,473.772117044602 365.629158810945,469.39791703393 367.780358805321)));PorG;114;279.80000000;1.50000000
MULTIPOLYGON(((444.632816997764 317.985658716178,446.220316999708 321.21355872904,450.594517008634 319.062358718365,449.00701700442 315.834458722966,444.632816997764 317.985658716178)));PorF;115;279.80000000;1.50000000
MULTIPOLYGON(((422.51361696166 273.112258637557,424.101116966282 276.340158633655,428.475316975673 274.188958634855,426.887816972332 270.961058632703,422.51361696166 273.112258637557)));PorE;116;279.80000000;1.50000000
MULTIPOLYGON(((131.645716312865 934.15825998201,127.226716305362 930.403459976893,122.676116297429 935.75895998301,127.138616302924 939.514259987511,131.645716312865 934.15825998201)));ST-KD-KE;176;263.70000000;5.69999999
MULTIPOLYGON(((445.504716997035 331.833758744644,461.717217020574 365.091358811129,468.366717034369 361.762758803321,457.057017016399 338.938758754404,455.452317015093 335.700358748902,451.947617007594 328.627558737993,445.504716997035 331.833758744644)));PorH;117;277.00000000;2.80000000
MULTIPOLYGON(((421.166216958489 281.907058648532,437.649616983137 315.720258713933,443.989516997477 312.567458712496,440.434916991391 305.393958695233,438.91361698939 302.323858685791,430.494916973519 285.33435865771,427.312516970385 278.911958644167,421.166216958489 281.907058648532)));PorH;118;277.00000000;2.80000000
MULTIPOLYGON(((494.586817101226 246.129658567254,496.621417106828 250.222258582944,508.848917123745 274.818158620503,510.051117125317 277.236458624247,511.038917128521 279.223658630624,515.494117135124 277.008058622014,499.314117111382 243.82605855912,494.586817101226 246.129658567254)));PorD;119;277.50000000;2.30000000
MULTIPOLYGON(((539.467817174795 326.171358717605,523.341117146949 293.10005865409,518.961217142059 295.27965866169,520.588317142799 298.535458669299,533.352917162061 324.0792587162,534.481017164653 326.336858719587,535.412717164494 328.20125872572,539.467817174795 326.171358717605)));PorD;120;277.50000000;2.30000000
MULTIPOLYGON(((663.707117383368 450.56205894216,690.714117424097 507.444059051108,692.264117428218 506.624059048947,665.134117387468 449.884058946976,663.707117383368 450.56205894216)));PorJ;121;265.00000000;9.19999999
MULTIPOLYGON(((440.434916991391 305.393958695233,434.137016979628 308.514658699976,437.649616983137 315.720258713933,443.989516997477 312.567458712496,440.434916991391 305.393958695233)));PorH;122;264.50000000;4.50000000
MULTIPOLYGON(((438.91361698939 302.323858685791,430.494916973519 285.33435865771,427.312516970385 278.911958644167,421.166216958489 281.907058648532,432.635616976535 305.434758696938,438.91361698939 302.323858685791)));PorH;123;264.50000000;4.50000000
MULTIPOLYGON(((455.452317015093 335.700358748902,451.947617007594 328.627558737993,445.504716997035 331.833758744644,448.958317003096 338.91825875896,455.452317015093 335.700358748902)));PorH;124;264.50000000;4.50000000
MULTIPOLYGON(((523.717817160999 226.03425852675,529.784117167816 237.794058543863,532.224117173231 242.524058559211,538.302017181762 254.306258577621,549.875117205607 248.494058570825,554.614117214689 246.114058560925,566.229617236007 240.280558549566,560.494117228256 228.484058523318,560.385317226348 228.260358519387,559.249417225365 225.924058520701,558.20411722461 223.774058518698,552.42601721728 211.889958494343,540.54411719169 217.744058501441,535.754117185075 220.104058509693,523.717817160999 226.03425852675)));PorGP;126;262.50000000;8.69999999
MULTIPOLYGON(((561.61421722878 228.386458531721,561.44701722922 228.05375852529,560.494117228256 228.484058523318,566.229617236007 240.280558549566,554.614117214689 246.114058560925,555.144117213262 247.474058565916,566.914517238503 241.689358549658,568.024117240799 241.144058549078,561.61421722878 228.386458531721)));PorGP;128;264.80000000;6.39999999
MULTIPOLYGON(((535.754117185075 220.104058509693,535.184117184777 218.904058517655,522.434117159864 225.234058523085,523.002617156075 226.38665852719,528.802217166638 238.144758555107,528.855117168452 238.252058552578,529.784117167816 237.794058543863,523.717817160999 226.03425852675,535.754117185075 220.104058509693)));PorGP;129;264.80000000;6.39999999
MULTIPOLYGON(((537.644117178628 256.074058582773,550.49411720474 249.714058567071,549.875117205607 248.494058570825,538.302017181762 254.306258577621,532.224117173231 242.524058559211,531.208117172937 243.023058558581,537.076017180632 254.921958585503,537.644117178628 256.074058582773)));PorGP;130;264.80000000;6.39999999
MULTIPOLYGON(((274.474116635101 592.99405928771,279.175616643159 591.741759283468,281.89561665029 590.307759277057,285.208116656868 587.984659275971,287.906916659733 585.285859269556,288.976116663951 583.707059264882,289.083116666297 583.448059268529,271.748616631783 591.92335928604,270.793816628633 589.9705592799,270.194116626692 588.744059276767,269.834116625891 593.154059279943,274.474116635101 592.99405928771)),((292.556116671418 573.884059245698,292.344216670725 567.734059230424,288.424116664857 569.664059239207,291.944916671549 576.860759252217,292.556116671418 573.884059245698)));SH;131;267.40000000;8.00000000
MULTIPOLYGON(((466.868017064058 164.861558414297,470.826017069165 172.977158423048,474.993917077023 170.991358424537,476.631417079188 170.211158423219,477.599117081962 169.750058422098,477.394117079559 169.334058414912,476.656517081487 167.837558421772,476.288917081896 167.091758417664,474.55901707703 163.581958415918,473.584117076825 161.604058411904,473.564717076079 161.564558413578,472.603017073998 162.038058407372,470.960217071697 162.846858415753,468.139917066088 164.23535841261,466.868017064058 164.861558414297)));PorNK;132;266.50000000;1.19999999
MULTIPOLYGON(((288.424116664857 569.664059239207,285.735116660246 564.167759230128,270.057316637656 532.121759172529,267.770616635506 527.447659163503,267.304116631916 526.494059158955,245.043616588635 537.304059183225,270.194116626692 588.744059276767,270.793816628633 589.9705592799,271.748616631783 591.92335928604,293.992716671317 581.047659260919,293.037916671776 579.094859254314,288.424116664857 569.664059239207)));SH;133;267.40000000;8.00000000
MULTIPOLYGON(((451.044916955405 640.049459350295,502.014317055175 615.288259293884,485.087917030207 580.446359220427,434.086616930959 605.427359283669,435.445116934541 608.200759300031,449.720016955689 637.344459341373,451.044916955405 640.049459350295)));VSH;134;266.50000000;5.80000000
MULTIPOLYGON(((237.466616589343 453.442059022142,234.414716583618 447.345559004461,232.293216581107 448.407459006645,235.345116584795 454.504059016937,237.466616589343 453.442059022142)));HARD;135;268.50000000;0.30000000
MULTIPOLYGON(((218.315516562376 407.147858933546,216.328616556537 403.166958923684,210.987516547146 405.832758927252,212.974416551064 409.813658936415,218.315516562376 407.147858933546)));HARD;136;268.50000000;0.30000000
MULTIPOLYGON(((243.014116596314 469.824059049366,242.702516594843 469.201659054728,239.529916590545 462.863959034672,235.345116584795 454.504059016937,232.293216581107 448.407459006645,215.923016553395 415.705658948515,213.264116550155 410.394058936508,210.717116546934 405.290958925383,193.382516512997 413.955858952366,225.653216561361 478.514759074897,243.014116596314 469.824059049366)));HARD;138;266.50000000;6.60000000
MULTIPOLYGON(((376.58251688641 208.31075850944,350.722416839562 221.062258548569,341.734016824164 202.833658512915,367.59411687497 190.082158483332,360.094016862859 174.871958455071,323.241816792288 193.043558494188,347.196216828423 241.62335858494,384.048416898062 223.451658545528,376.58251688641 208.31075850944)));FEI;139;267.00000000;20.00000000
MULTIPOLYGON(((334.143716811028 187.667858476052,325.364616800856 169.863858449971,318.983516784676 174.294858459616,313.304316776106 178.603158463025,307.4594167631 183.350358477095,343.588916820125 243.402058593929,347.196216828423 241.62335858494,323.241816792288 193.043558494188,327.650416800403 190.869658486219,334.143716811028 187.667858476052)));FEI;140;267.00000000;16.00000000
MULTIPOLYGON(((283.407116716146 178.603158470709,296.332116739883 193.029558499344,302.207116751873 187.676758490503,307.4594167631 183.350358477095,313.304316776106 178.603158463025,318.983516784676 174.294858459616,325.364616800856 169.863858449971,330.929316812078 166.13505843794,337.000216818938 162.283758430742,343.136316833843 158.693458424415,349.598816845042 155.298958418192,356.452916858019 151.839258403052,348.032116844668 134.47535837465,340.459916830179 138.196258384269,333.801616819517 141.917058391264,326.94741680444 145.964258400723,320.615416794142 149.946258417331,314.022416778374 154.254558421904,307.886316767486 158.628158432199,301.684916754428 163.197558435844,295.548816745169 168.158758450998,289.739116732904 173.119858456543,283.407116716146 178.603158470709)));FEI;146;267.00000000;16.50000000
MULTIPOLYGON(((525.124117176223 137.636758354492,525.042917174753 137.471558354795,515.490517156722 138.192258348223,515.339917158999 139.089658360695,514.691417158116 142.953058367129,514.985017153784 146.903958370211,516.180917157093 150.530658381525,518.162317162438 153.796058388427,521.662317166803 157.088558397489,525.971917174815 159.213858393254,530.619217184954 159.98625839781,535.747717193153 159.256458395859,525.560117176676 138.524158352986,525.124117176223 137.636758354492)));PorNA;152;260.00000000;10.00000000
MULTIPOLYGON(((-74.0830840754788 961.887360061053,-63.6654840550036 949.884260038147,-77.4675840772106 937.705960019259,-95.6851841142052 958.691060061334,-86.5588840979617 966.74816007819,-82.7883840930881 970.076860083966,-81.8838840894168 970.875360084465,-74.0830840754788 961.887360061053)));TP;194;254.00000000;10.00000000
MULTIPOLYGON(((520.761717169138 128.760758338263,519.955017168191 127.119158331538,513.171917154512 134.719858351629,514.441817157727 137.280758350156,514.916217156628 138.235558360117,515.339917158999 139.089658360695,515.490517156722 138.192258348223,525.042917174753 137.471558354795,524.090417172178 135.533058349043,523.304617171816 133.93415834289,523.079317173921 133.476258344948,522.576417172735 132.453058340121,521.922817172308 131.123158341506,521.68051717116 130.630258344579,520.761717169138 128.760758338263)));PorNA;153;263.50000000;6.50000000
MULTIPOLYGON(((433.925717013597 101.723858304787,431.306417008163 96.37215828849,419.639116984035 102.105658302084,422.263316989643 107.445758307585,433.925717013597 101.723858304787)));PorNA;154;263.00000000;7.00000000
MULTIPOLYGON(((542.361817145254 522.334859099938,539.935417143221 517.223059092648,539.923617140623 517.198259095894,539.293717143533 515.871259089326,532.363517129619 519.258959100815,500.304817063909 534.930359129095,503.159217070555 540.943659148645,542.361817145254 522.334859099938)));M-5;155;270.00000000;10.00000000
MULTIPOLYGON(((486.535517092911 210.594958501402,479.812517077138 213.869058505399,482.69641708408 219.729458514601,484.753717084765 223.910358527908,491.447117101401 220.680458523799,491.434217099973 220.653958519688,489.353117098508 216.380658513634,486.535517092911 210.594958501402)));ST-D-NK;156;268.60000000;4.09999999
MULTIPOLYGON(((548.945817162166 519.442059103865,546.469117158034 513.869659087388,540.022117143322 517.177659093635,539.935417143221 517.223059092648,542.361817145254 522.334859099938,542.427617145644 522.303659110563,545.663317151775 520.767659105128,545.812117153022 521.081059098709,548.945817162166 519.442059103865)));ST-K-NM;157;270.00000000;3.00000000
MULTIPOLYGON(((555.325317170646 517.15215909062,553.31221717177 511.168559079524,546.469117158034 513.869659087388,548.945817162166 519.442059103865,555.325317170646 517.15215909062)));ST-K-NM;158;269.50000000;3.00000000
MULTIPOLYGON(((571.066217199957 512.406459083082,568.720817198104 506.841359066777,561.481917186407 508.942759076133,563.164117188542 515.01395908976,571.066217199957 512.406459083082)));ST-K-NM;159;268.50000000;3.00000000
MULTIPOLYGON(((568.720817198104 506.841359066777,571.066217199957 512.406459083082,578.417117215577 509.684559070971,575.663617211743 503.890059063677,568.720817198104 506.841359066777)));ST-K-NM;160;268.00000000;3.00000000
MULTIPOLYGON(((182.442516421142 865.434059840394,170.927716396749 879.051059868187,175.602516406274 883.004159878008,199.050116445404 902.832059899578,202.840516452678 898.40245990525,205.862316459476 894.871059889672,209.946016467409 890.098559876904,192.744016439479 875.244759860681,191.411616436904 874.094259856269,191.857816434407 873.57845984702,182.442516421142 865.434059840394)));KolC;162;265.45000000;3.30000000
MULTIPOLYGON(((491.413617059705 473.149059022544,494.356358722027 472.891600574832,497.209686336631 472.127051775809,499.88690298656 470.878643048694,502.306662803574 469.184306662763,504.395442604495 467.095524170902,506.089775873872 464.675762182334,507.338181154337 461.99854392116,508.102726280398 459.145215325058,508.36018093751 456.202473339858,508.10272249463 453.259731670842,507.338173699449 450.406404059147,506.089764975186 447.729187405901,504.395428592805 445.309427594068,502.306646105542 443.220647794195,499.88688411063 441.526314521208,497.209665853705 440.277909247205,494.3563372551 439.513364114566,491.413595262275 439.255909456173,488.470853598788 439.513367902255,485.617525986396 440.277916710591,482.940309334546 441.526325429324,480.52054951957 443.220661809901,478.431769717194 445.309444298735,476.737436448224 447.729206290795,475.489031167643 450.406424549874,474.724486040941 453.259753145045,474.46703138412 456.202495145844,474.724489826534 459.145236802055,475.489038623404 461.998564418172,476.737447346968 464.675781071885,478.431783729291 467.095540885115,480.520566215506 469.184320685454,482.940328211524 470.878653960768,485.617546467925 472.127059230814,488.470875067404 472.89160436159,491.413617059705 473.149059022544)));PorC;163;263.50000000;9.00000000
MULTIPOLYGON(((272.105616685643 241.442558590323,271.386116687092 240.034858594649,246.425616636348 252.792458628304,247.145116640604 254.200258632423,256.729116654606 272.952758667758,257.054316656082 273.589058659505,257.563216654991 274.584858663613,262.17651666305 272.227158654481,265.794316671672 270.378158649197,282.524816705147 261.827658630908,281.686316703737 260.18715863023,272.105616685643 241.442558590323)));VEC_III;164;269.00000000;12.85000000
MULTIPOLYGON(((357.031716796919 538.935459171887,353.514516792144 531.982459158171,353.414316793554 531.784359159647,351.67991678993 532.661659149919,348.684916784347 526.74065914331,350.419216786686 525.863359143957,350.309316789033 525.64615914342,345.416016780073 515.972659125691,343.681816775701 516.849859119859,341.566616775235 512.668159121415,338.644316770427 506.891059102491,338.462816767511 506.532259103376,320.652216734772 515.541659129085,326.233716741379 526.5758591427,328.952216746111 525.2007591445,333.125216755085 523.089859141968,345.952216774342 548.447559187654,356.87111679645 542.924359178636,355.297216794919 539.812859160127,357.031716796919 538.935459171887)));MS;149;270.70000000;4.69999999
MULTIPOLYGON(((346.466816781554 510.189459112938,343.544516777154 504.412359099369,338.644316770427 506.891059102491,341.566616775235 512.668159121415,346.466816781554 510.189459112938)));MS;150;273.39999999;0.25000000
MULTIPOLYGON(((351.67991678993 532.661659149919,353.414316793554 531.784359159647,353.514516792144 531.982459158171,359.423416803475 528.993459150661,356.218216800014 522.657159137074,354.198516794364 523.678859143518,350.309316789033 525.64615914342,350.419216786686 525.863359143957,348.684916784347 526.74065914331,351.67991678993 532.661659149919)));MS;151;273.39999999;0.25000000
MULTIPOLYGON(((220.755116494372 836.933859768324,212.207516479422 829.794259760063,182.142416417773 865.17445983598,191.857816434407 873.57845984702,191.411616436904 874.094259856269,192.744016439479 875.244759860681,202.63851645618 863.614359818166,204.259916458977 861.708459821064,206.955116464349 858.540459814481,204.475716462417 856.381859815679,220.755116494372 836.933859768324)));ST-KV-KC;174;265.75000000;4.80000000
MULTIPOLYGON(((122.613616294577 944.891560001997,118.14351628744 941.093359999126,113.592716278101 946.449060008163,118.106516284635 950.24756001262,122.613616294577 944.891560001997)));ST-KD-KE;178;260.70000000;5.69999999
MULTIPOLYGON(((112.374416275532 947.882860010723,109.060016269563 951.783460013103,113.599416278012 955.603460026672,116.92971628427 951.645960014779,118.106516284635 950.24756001262,113.592716278101 946.449060008163,112.374416275532 947.882860010723)));ST-KD-KE;179;259.20000000;5.69999999
MULTIPOLYGON(((64.6230161856511 945.517160006566,75.040916206839 932.731559986714,75.5736162107205 933.186259992886,75.6421162104816 933.108059986727,78.9622162162559 929.244859986706,79.8687162181595 928.190059975721,83.3994162246236 924.08185997,83.7761162281386 923.643459966173,78.2189162172144 918.916659960989,77.900016216794 919.2940599625,73.4206162054325 924.594959962415,60.9317161833169 939.374360003043,59.09741617908 941.545060010161,64.3458161856979 946.001360008959,64.7070161892916 945.589060015976,64.6230161856511 945.517160006566)));Zidka;180;264.80000000;5.00000000
MULTIPOLYGON(((514.7005170919 528.886159119662,501.863417069719 535.1612591343,502.70881706872 536.890759138623,515.545917097421 530.615559130441,514.7005170919 528.886159119662)));M-5;181;266.50000000;3.50000000
MULTIPOLYGON(((307.886316767486 158.628158432199,305.360316763923 155.440658422653,299.071116749197 160.191058431985,293.955916741397 164.275058434112,285.581316725118 171.45325846062,281.283216714859 175.183458463056,280.357116716041 176.043358474271,279.431116710417 177.961558472831,278.835816709267 180.01215847861,278.50511670846 182.591858487343,278.901916709961 185.105358482571,279.563416709367 186.891258489108,280.291016711097 188.412658490241,281.349316714157 189.669458497316,288.046016723965 196.826158508891,290.014516727009 198.929858514573,296.332116739883 193.029558499344,302.207116751873 187.676758490503,307.4594167631 183.350358477095,313.304316776106 178.603158463025,318.983516784676 174.294858459616,325.364616800856 169.863858449971,330.929316812078 166.13505843794,337.000216818938 162.283758430742,343.136316833843 158.693458424415,349.598816845042 155.298958418192,356.452916858019 151.839258403052,348.032116844668 134.47535837465,340.459916830179 138.196258384269,333.801616819517 141.917058391264,326.94741680444 145.964258400723,320.615416794142 149.946258417331,314.022416778374 154.254558421904,307.886316767486 158.628158432199)));FEI;182;262.50000000;4.50000000
MULTIPOLYGON(((-6.04998395539587 1000.79926013667,-16.3736839771154 1011.87836014992,-3.36168395209825 1023.99296017527,-1.76938395138131 1025.47546018288,4.14791606133804 1019.05456017121,-1.56478394690203 1013.7898601552,3.0148160608951 1008.7308601439,-6.04998395539587 1000.79926013667)));TP;189;255.00000000;25.00000000
MULTIPOLYGON(((39.7460161320632 985.306460094638,35.6321161264204 981.517460088246,31.2790161173325 977.5079600811,3.0148160608951 1008.7308601439,-1.56478394690203 1013.7898601552,4.14791606133804 1019.05456017121,6.10251606663223 1020.85586017254,13.4641160766478 1027.64006017894,45.6315161446691 990.72736009839,39.7460161320632 985.306460094638)));TP;190;255.00000000;25.00000000
MULTIPOLYGON(((86.4788162164041 1026.37806017022,80.8514162073261 1021.37516015884,52.4157161448966 1053.57686022134,66.6608161724871 1066.23916025064,95.1511162303505 1034.03756018262,89.3657162198797 1028.85256017186,86.4788162164041 1026.37806017022)));TP;191;258.00000000;20.00000000
MULTIPOLYGON(((-35.5088840030367 974.737660090206,-63.6654840550036 949.884260038147,-74.0830840754788 961.887360061053,-41.7469840181293 990.013860112755,-35.8726840058225 983.490660108626,-39.8035840114462 979.95666009956,-35.5088840030367 974.737660090206)));TP;192;254.00000000;10.00000000
MULTIPOLYGON(((85.229416234477 884.179459884763,81.5595162278041 881.062959878938,81.8722162290942 880.694759877864,80.5249162269174 879.550659875618,59.8563161909115 861.999059851281,19.7318161095027 909.248959948774,45.4176161538344 931.061259985901,85.229416234477 884.179459884763)));SC_IT4I;183;261.80000000;15.90000000
MULTIPOLYGON(((67.3591162003577 903.647759929765,58.5283161846455 896.148659916595,40.6318161449162 917.223159959074,36.6732161379186 921.884759974666,45.5041161555564 929.383859987836,67.3591162003577 903.647759929765)));SC_IT4I;184;277.70000000;4.20000000
MULTIPOLYGON(((67.2460161993513 885.882859887555,60.4895161894965 880.14535988844,56.1338161805761 885.274559897836,41.0593161501456 903.025959928054,35.9208161383867 909.076959947823,42.6772161511471 914.814459958812,47.815716162906 908.763559942599,58.5283161846455 896.148659916595,62.8903161933413 891.01205990836,67.2460161993513 885.882859887555)));SC_IT4I;185;277.70000000;2.00000000
MULTIPOLYGON(((-10.7529839574709 975.647960093804,6.4089160762378 956.040060042171,-8.95868394849822 942.869760021567,-12.7739839593996 947.109760030871,-35.5088840030367 974.737660090206,-39.8035840114462 979.95666009956,-35.8726840058225 983.490660108626,-25.6564839899656 992.675460125785,-10.7529839574709 975.647960093804)));TP;195;254.00000000;10.00000000
MULTIPOLYGON(((85.1652162118698 1036.14876018488,76.4612161956611 1028.44786016713,65.3186161743943 1041.04196019354,74.0227161865332 1048.74286020966,85.1652162118698 1036.14876018488)));TP;196;258.00000000;20.00000000
MULTIPOLYGON(((83.2275162062142 1047.51436021202,78.6740161984926 1043.48566020466,74.0227161865332 1048.74286020966,78.5762161962921 1052.7715602282,83.2275162062142 1047.51436021202)));TP;197;258.00000000;20.00000000
MULTIPOLYGON(((518.736917082395 652.715259364806,512.895217067446 657.117259365972,509.531717063393 652.653559366707,500.199217045854 659.68605937995,510.791217063321 673.742059407057,525.965217091667 662.307559384964,518.736917082395 652.715259364806)));PorADC;198;266.45000000;11.13000000
MULTIPOLYGON(((518.736917082395 652.715259364806,515.373317074904 648.251659346279,509.531717063393 652.653559366707,512.895217067446 657.117259365972,518.736917082395 652.715259364806)));PorADC;199;266.45000000;13.67000000
MULTIPOLYGON(((272.049716598529 786.425959665561,262.905816583254 778.602459658403,251.183916561131 792.0423596818,258.328316568921 798.061059682863,304.424316651013 837.191159761976,314.206816673046 825.924359738361,315.982216675591 823.879559735535,286.313116626116 798.58595969039,272.049716598529 786.425959665561)));KolA;200;266.75000000;39.80000000
MULTIPOLYGON(((275.258616664039 423.948258953402,282.609116676671 438.335658978438,278.660316668625 440.353058984736,282.292516672635 447.462559001055,295.08241669985 440.928158984054,311.798916729575 432.308958956739,314.990316734766 430.678458964452,306.333516723767 413.734458931955,306.174916726304 413.424058935838,304.808316719835 410.749158927472,303.996616721561 409.163058919366,300.770716712403 410.811058919411,284.066116681846 419.448458940955,275.258616664039 423.948258953402)));CPiT_TL2;36;268.00000000;11.75000000
MULTIPOLYGON(((290.684616696148 391.069458883721,289.79981669673 391.52155889268,283.74791668664 379.676258859457,268.982516658667 387.219958883477,271.6871166614 392.513658897951,270.591016661667 393.073658894282,272.308516660531 396.435258901678,284.066116681846 419.448458940955,300.770716712403 410.811058919411,290.684616696148 391.069458883721)));CPiT_TL2;38;268.00000000;11.75000000
MULTIPOLYGON(((280.493516682589 379.394758873386,278.945516678679 376.435358859599,274.664116671425 378.674658865901,276.181116670778 381.650558871217,280.493516682589 379.394758873386)));CPiT_TL2;52;268.00000000;11.75000000
MULTIPOLYGON(((316.159616732853 463.248459023191,311.827116725559 465.46185903158,313.547716729983 468.829659034964,317.847916736442 466.632759037428,316.159616732853 463.248459023191)));CPiT_TL2;53;268.00000000;11.75000000
MULTIPOLYGON(((275.258616664039 423.948258953402,274.871816663421 424.14585895231,271.390816653671 425.924358958378,271.309616654355 425.965858958894,278.660316668625 440.353058984736,282.609116676671 438.335658978438,275.258616664039 423.948258953402)));CPiT_TL2;169;271.15000000;8.60000000
MULTIPOLYGON(((290.684616696148 391.069458883721,290.603216696356 390.910058893496,285.003716689127 379.949758868665,283.955816686852 377.898558858084,276.168116671557 381.877058874583,274.864916669205 382.54285887396,267.208916655334 386.454158882145,270.591016661667 393.073658894282,271.6871166614 392.513658897951,268.982516658667 387.219958883477,283.74791668664 379.676258859457,289.79981669673 391.52155889268,290.684616696148 391.069458883721)));CPiT_TL2;170;271.15000000;8.60000000
MULTIPOLYGON(((293.315316715336 324.059858757304,285.181016701856 307.558358731447,282.916516696452 308.674658720149,285.306016702496 313.549758742098,288.806916707137 320.692258750089,285.24231669947 322.474558760645,286.535216701275 325.097358763218,287.449216702313 326.951558761066,293.315316715336 324.059858757304)));VEC_II;161;271.10000000;0.09999999
MULTIPOLYGON(((271.855916679255 287.152458681259,264.679616667621 273.111058659852,263.053116666037 273.942358664935,258.439816657046 276.300058667781,257.938116656442 275.318358663237,257.563216654991 274.584858663613,257.054316656082 273.589058659505,256.729116654606 272.952758667758,251.553516642656 275.597958668135,249.317416639009 276.740958672017,258.204816654325 294.129658702062,271.855916679255 287.152458681259)));VEC_III;165;269.00000000;4.15100000
MULTIPOLYGON(((256.729116654606 272.952758667758,247.145116640604 254.200258632423,239.565016624401 258.074558638036,245.451716634852 269.592058662092,249.14941663784 276.826758669689,249.317416639533 276.740858672187,251.553516642656 275.597958668135,256.729116654606 272.952758667758)));VEC_III;166;269.00000000;11.05000000
MULTIPOLYGON(((262.585416664195 273.027258663205,262.17651666305 272.227158654481,257.563216654991 274.584858663613,257.938116656442 275.318358663237,258.439816657046 276.300058667781,263.053116666037 273.942358664935,262.585416664195 273.027258663205)));VEC_III;167;272.76999999;0.03000000
MULTIPOLYGON(((311.827116725559 465.46185903158,316.159616732853 463.248459023191,317.616516735812 462.504059018334,325.23671675392 458.610959024169,311.798916729575 432.308958956739,295.08241669985 440.928158984054,308.488316718256 467.167659036117,311.827116725559 465.46185903158)));CPiT_TL2;55;268.00000000;11.75000000
MULTIPOLYGON(((287.399416712753 252.686258615693,279.675216702512 237.5736585923,272.105616685643 241.442558590323,281.686316703737 260.18715863023,289.255816717749 256.318258627318,287.399416712753 252.686258615693)));VEC_III;168;269.00000000;11.05000000
MULTIPOLYGON(((512.258717104734 442.338058952242,504.128617087379 446.403058957541,506.732317093469 451.290558969136,514.457617107313 447.274158965098,524.724117125792 442.054058948997,524.741217124625 442.04575894773,522.409017123107 437.356558931759,522.394117121352 437.364058944164,512.258717104734 442.338058952242)));ST-B-C;88;263.50000000;4.00000000
MULTIPOLYGON(((191.768516524113 315.594758748077,185.47391651629 303.178058730904,177.885316502827 288.208758706227,176.152216501418 284.790058691753,174.385316496482 281.304658689769,165.012416482146 286.056158703053,182.395616508904 320.346258767415,191.768516524113 315.594758748077),(169.86081648909 292.276658717077,177.023216503323 288.645758707076,184.611716515734 303.615158736007,177.449516501336 307.245958739659,169.86081648909 292.276658717077)));UG;72;282.75000000;3.75000000
MULTIPOLYGON(((218.334016497596 801.819059702102,206.980916476634 792.247259686235,206.892316477897 792.173159683589,206.692716478196 792.004759686766,206.651616475894 791.971459694905,206.408116477425 791.774559688754,205.603016473528 792.720659687882,203.646816469321 795.019459699048,197.52261646057 802.216159715084,195.689916451753 804.369859712664,194.726816454611 805.501659714384,194.840616454603 805.606059725396,194.93561645213 805.686859714333,201.429116461833 811.213159720646,206.596716474101 815.610859732842,218.334016497596 801.819059702102),(212.758316487831 798.809659701306,210.802116483275 801.108459699433,207.154616477899 798.004459701478,209.110816480825 795.705659697531,212.758316487831 798.809659701306),(211.829316485906 801.982559708413,213.785516489181 799.683759701438,217.277816494694 802.655559709063,215.321616490372 804.954359713243,211.829316485906 801.982559708413),(204.678016468883 808.305159723386,202.845316466235 810.45885972376,199.197716460738 807.354859717656,201.030416463676 805.201159718214,204.678016468883 808.305159723386),(203.872516470088 811.332959733903,205.705216472154 809.179259719327,209.197416477429 812.151059731143,207.364716473909 814.304759728722,203.872516470088 811.332959733903)));Koleje;137;268.75000000;0.50000000
